[{
  "from": "Catherine Moreno",
  "avatar": "images/face1.jpg",
  "date": 1427207139000,
  "subject": "Check out this weeks most popular website designs!",
  "body": "<p>Lorem ipsum dolor sit amet, consectetuer adipiscing elit. Aenean commodo ligula eget dolor. Aenean massa. Cum sociis natoque penatibus et magnis dis parturient montes, nascetur ridiculus mus. Donec quam felis, ultricies nec, pellentesque eu, pretium quis, sem.</p>\n\n        <p>Nulla consequat massa quis enim. Donec pede justo, fringilla vel, aliquet nec, vulputate eget, arcu. In enim justo, rhoncus ut, imperdiet a, venenatis vitae, justo. Nullam dictum felis eu pede mollis pretium. Integer tincidunt. Cras dapibus.</p>\n\n        <blockquote>\n            <i>Vivamus elementum semper nisi. Aenean vulputate eleifend tellus. Aenean leo ligula, porttitor eu, consequat vitae, eleifend ac, enim. Aliquam lorem ante, dapibus in, viverra quis, feugiat a, tellus. Phasellus viverra nulla ut metus varius laoreet.</i>\n        </blockquote>\n\n        <p>Quisque rutrum. Aenean imperdiet. Etiam ultricies nisi vel augue. Curabitur ullamcorper ultricies nisi. Nam eget dui. Etiam rhoncus. Maecenas tempus, tellus eget condimentum rhoncus, sem quam semper libero, sit amet adipiscing sem neque sed ipsum.</p>\n\n        <p>You don’t need to see his identification … These aren’t the droids you’re looking for … He can go about his business … Move along.</p>\n        <small>Obi-Wan Kenobi, Jedi Knight</small>\n\n        <p>Sed fringilla mauris sit amet nibh. Donec sodales sagittis magna. Sed consequat, leo eget bibendum sodales, augue velit cursus nunc, quis gravida magna mi a libero. Fusce vulputate eleifend sapien. Vestibulum purus quam, scelerisque ut, mollis sed, nonummy id, metus.</p>",
  "files": [{
    "type": "pdf",
    "filename": "October_Sales.pdf",
    "size": "12Gb"
  }, {
    "type": "word",
    "filename": "Resume.doc",
    "size": "2Kb"
  }],
  "tag": "Personal",
  "id": 1
}]